{
	"info": {
		"_postman_id": "42e52af8-917b-4703-acba-bfb4cc67ef96",
		"name": "Django JWT Auth",
		"schema": "https://schema.getpostman.com/json/collection/v2.1.0/collection.json",
		"_exporter_id": "29801289"
	},
	"item": [
		{
			"name": "Register",
			"protocolProfileBehavior": {
				"disabledSystemHeaders": {
					"accept": true
				}
			},
			"request": {
				"method": "POST",
				"header": [
					{
						"key": "Accept",
						"value": "application/json",
						"type": "text"
					}
				],
				"body": {
					"mode": "formdata",
					"formdata": [
						{
							"key": "email",
							"value": "test@gmail.com",
							"type": "text"
						},
						{
							"key": "name",
							"value": "User Test",
							"type": "text"
						},
						{
							"key": "password",
							"value": "123456",
							"type": "text"
						},
						{
							"key": "password2",
							"value": "123456",
							"type": "text"
						},
						{
							"key": "tc",
							"value": "True",
							"type": "text",
							"disabled": true
						}
					]
				},
				"url": {
					"raw": "https://drf.arslanstack.com/api/user/register/",
					"protocol": "https",
					"host": [
						"drf",
						"arslanstack",
						"com"
					],
					"path": [
						"api",
						"user",
						"register",
						""
					]
				}
			},
			"response": []
		},
		{
			"name": "Login",
			"protocolProfileBehavior": {
				"disabledSystemHeaders": {
					"accept": true
				}
			},
			"request": {
				"method": "POST",
				"header": [
					{
						"key": "Accept",
						"value": "application/json",
						"type": "text"
					}
				],
				"body": {
					"mode": "formdata",
					"formdata": [
						{
							"key": "email",
							"value": "calebjanaltair@gmail.com",
							"type": "text"
						},
						{
							"key": "password",
							"value": "123456",
							"type": "text"
						}
					]
				},
				"url": {
					"raw": "https://drf.arslanstack.com/api/user/login/",
					"protocol": "https",
					"host": [
						"drf",
						"arslanstack",
						"com"
					],
					"path": [
						"api",
						"user",
						"login",
						""
					]
				}
			},
			"response": []
		},
		{
			"name": "Profile/Me",
			"protocolProfileBehavior": {
				"disabledSystemHeaders": {
					"accept": true
				}
			},
			"request": {
				"method": "GET",
				"header": [
					{
						"key": "Accept",
						"value": "application/json",
						"type": "text"
					},
					{
						"key": "Authorization",
						"value": "Bearer eyJhbGciOiJIUzI1NiIsInR5cCI6IkpXVCJ9.eyJ0b2tlbl90eXBlIjoiYWNjZXNzIiwiZXhwIjoxNzEzNDI2NTg4LCJpYXQiOjE3MTIyMTY5ODgsImp0aSI6ImMzOWE4MWQ4NTQ1NTQ3OTZhZDk1OWRhOGMxM2ZmM2Q3IiwidXNlcl9pZCI6MjJ9.ipGn3451YhzPz7aV4uUxVU7wz2ZfMNKtTUGZtg5uzBM",
						"type": "text"
					}
				],
				"url": {
					"raw": "https://drf.arslanstack.com/api/user/me/",
					"protocol": "https",
					"host": [
						"drf",
						"arslanstack",
						"com"
					],
					"path": [
						"api",
						"user",
						"me",
						""
					]
				}
			},
			"response": []
		},
		{
			"name": "Refresh",
			"protocolProfileBehavior": {
				"disabledSystemHeaders": {
					"accept": true
				}
			},
			"request": {
				"method": "GET",
				"header": [
					{
						"key": "Accept",
						"value": "application/json",
						"type": "text"
					},
					{
						"key": "Authorization",
						"value": "Bearer eyJhbGciOiJIUzI1NiIsInR5cCI6IkpXVCJ9.eyJ0b2tlbl90eXBlIjoiYWNjZXNzIiwiZXhwIjoxNzEzNDI2NTg4LCJpYXQiOjE3MTIyMTY5ODgsImp0aSI6ImMzOWE4MWQ4NTQ1NTQ3OTZhZDk1OWRhOGMxM2ZmM2Q3IiwidXNlcl9pZCI6MjJ9.ipGn3451YhzPz7aV4uUxVU7wz2ZfMNKtTUGZtg5uzBM",
						"type": "text"
					}
				],
				"url": {
					"raw": "https://drf.arslanstack.com/api/user/refresh/",
					"protocol": "https",
					"host": [
						"drf",
						"arslanstack",
						"com"
					],
					"path": [
						"api",
						"user",
						"refresh",
						""
					]
				}
			},
			"response": []
		},
		{
			"name": "Change Pswd",
			"protocolProfileBehavior": {
				"disabledSystemHeaders": {
					"accept": true
				}
			},
			"request": {
				"method": "POST",
				"header": [
					{
						"key": "Accept",
						"value": "application/json",
						"type": "text"
					},
					{
						"key": "Authorization",
						"value": "Bearer eyJhbGciOiJIUzI1NiIsInR5cCI6IkpXVCJ9.eyJ0b2tlbl90eXBlIjoiYWNjZXNzIiwiZXhwIjoxNzEzNDI2NjQ4LCJpYXQiOjE3MTIyMTcwNDgsImp0aSI6ImYzOWZkZWY5OWRhYjRjYzZhY2IyOTQzMGFiYjgyMTc2IiwidXNlcl9pZCI6MjJ9.9An9f3pIeWBMyy35ZDkRTELAAAgdUAVR5PKwzLjGoDA",
						"type": "text"
					}
				],
				"body": {
					"mode": "formdata",
					"formdata": [
						{
							"key": "password",
							"value": "12345678",
							"type": "text"
						},
						{
							"key": "password2",
							"value": "12345678",
							"type": "text"
						}
					]
				},
				"url": {
					"raw": "https://drf.arslanstack.com/api/user/changepassword/",
					"protocol": "https",
					"host": [
						"drf",
						"arslanstack",
						"com"
					],
					"path": [
						"api",
						"user",
						"changepassword",
						""
					]
				}
			},
			"response": []
		},
		{
			"name": "Send Reset Email",
			"protocolProfileBehavior": {
				"disabledSystemHeaders": {
					"accept": true
				}
			},
			"request": {
				"method": "POST",
				"header": [
					{
						"key": "Accept",
						"value": "application/json",
						"type": "text"
					}
				],
				"body": {
					"mode": "formdata",
					"formdata": [
						{
							"key": "email",
							"value": "calebjanaltair@gmail.com",
							"type": "text"
						}
					]
				},
				"url": {
					"raw": "https://drf.arslanstack.com/api/user/send-reset-password-email/",
					"protocol": "https",
					"host": [
						"drf",
						"arslanstack",
						"com"
					],
					"path": [
						"api",
						"user",
						"send-reset-password-email",
						""
					]
				}
			},
			"response": []
		},
		{
			"name": "Reset Password",
			"protocolProfileBehavior": {
				"disabledSystemHeaders": {
					"accept": true
				}
			},
			"request": {
				"method": "POST",
				"header": [
					{
						"key": "Accept",
						"value": "application/json",
						"type": "text"
					}
				],
				"body": {
					"mode": "formdata",
					"formdata": [
						{
							"key": "password",
							"value": "123456",
							"type": "text"
						},
						{
							"key": "password2",
							"value": "123456",
							"type": "text"
						}
					]
				},
				"url": {
					"raw": "https://drf.arslanstack.com/api/user/reset-password/MjI/c4y8i2-8ed68b6951d725287fd4dfb79f275dda/",
					"protocol": "https",
					"host": [
						"drf",
						"arslanstack",
						"com"
					],
					"path": [
						"api",
						"user",
						"reset-password",
						"MjI",
						"c4y8i2-8ed68b6951d725287fd4dfb79f275dda",
						""
					]
				}
			},
			"response": []
		}
	]
}